{"cameraMode":{"drawMode":0,"name":"Shaded","section":"Shading Mode"},"sceneLighting":true,"audioPlay":false,"sceneViewState":{"showFog":false,"showMaterialUpdate":false,"showSkybox":false,"showFlares":false,"showImageEffects":false,"showParticleSystems":false},"in2DMode":false,"pivot":{"x":0.4722985029220581,"y":-0.3893565535545349,"z":-1.0101492404937745},"rotation":{"x":-0.016711795702576639,"y":0.9211806058883667,"z":-0.039817098528146747,"w":-0.3867391347885132},"size":2.435420513153076,"orthographic":false}