{"cameraMode":{"drawMode":0,"name":"Shaded","section":"Shading Mode"},"sceneLighting":true,"audioPlay":false,"sceneViewState":{"showFog":false,"showMaterialUpdate":false,"showSkybox":false,"showFlares":false,"showImageEffects":false,"showParticleSystems":false},"in2DMode":false,"pivot":{"x":-0.35833996534347536,"y":-3.19537091255188,"z":-0.1536393165588379},"rotation":{"x":-0.38948050141334536,"y":0.6102676391601563,"z":-0.49877306818962099,"w":-0.47656238079071047},"size":3.821428060531616,"orthographic":false}